Year,Month,Day,Seat,Observer,Strata,Transect,Segment,Flight_Dir,Wind_Dir,Wind_Vel,Lat,Long,Species,Num,Obs_Type
2018,6,15,LF,FAKE,NA,19,,88,45,24,61.1425,-165.6107,START,19,open
2018,6,15,LF,FAKE,NA,19,,88,45,24,61.1457,-165.4586,SCAU4,1,single
2018,6,15,LF,FAKE,NA,19,,89,45,24,61.1564,-164.8116,LTDUF4,1,single
2018,6,15,LF,FAKE,NA,19,,89,45,24,61.1587,-164.634,BLSC4,1,pair
2018,6,15,LF,FAKE,NA,19,,89,45,24,61.1595,-164.5453,SCAU2,1,pair
2018,6,15,LF,FAKE,NA,19,,89,45,24,61.1605,-164.4803,BLSC4,1,pair
2018,6,15,LF,FAKE,NA,19,,89,45,24,61.1605,-164.4803,BLSC4,1,pair
2018,6,15,LF,FAKE,NA,19,,89,45,24,61.1605,-164.4803,BLSC4,1,pair
2018,6,15,LF,FAKE,NA,19,,89,45,24,61.1631,-164.2443,BLSCF3,1,single
2018,6,15,LF,FAKE,NA,19,,89,45,24,61.1631,-164.2443,BLSC3,1,pair
2018,6,15,LF,FAKE,NA,19,,89,45,24,61.1637,-164.1897,BLSCF4,1,pair
2018,6,15,LF,FAKE,NA,19,,89,45,24,61.1637,-164.1897,BLSCF4,1,single
2018,6,15,LF,FAKE,NA,19,,89,45,24,61.1639,-164.187,SCAU3,1,single
2018,6,15,LF,FAKE,NA,19,,89,45,24,61.1638,-164.1373,BLSC2,1,pair
2018,6,15,LF,FAKE,NA,19,,89,45,24,61.1649,-164.0024,BLSC4,1,single
2018,6,15,LF,FAKE,NA,19,,89,45,24,61.1659,-163.8661,LTDU4,1,single
2018,6,15,LF,FAKE,NA,19,,89,45,24,61.1674,-163.6549,SCAU2,1,single
2018,6,15,LF,FAKE,NA,19,,89,45,24,61.1674,-163.6453,SCAU3,1,single
2018,6,15,LF,FAKE,NA,19,,89,45,24,61.168,-163.5839,SCAU1,1,pair
2018,6,15,LF,FAKE,NA,19,,89,45,24,61.1683,-163.4772,BLSC4,1,pair
2018,6,15,LF,FAKE,NA,19,,89,45,24,61.1684,-163.4696,LTDU3,1,pair
2018,6,15,LF,FAKE,na,19,,89,45,24,61.1684,-163.4696,LTDU3,1,single
2018,6,15,LF,FAKE,na,19,,89,45,24,61.1685,-163.4559,BLSC2,1,pair
2018,6,15,LF,FAKE,na,19,,89,45,24,61.1684,-163.4431,BLSC3,1,pair
2018,6,15,LF,FAKE,na,19,,89,45,24,61.1683,-163.4169,BLSC3,1,pair
2018,6,15,LF,FAKE,na,19,,89,45,24,61.1683,-163.4169,BLSC3,1,pair
2018,6,15,LF,FAKE,na,19,,89,45,24,61.1693,-163.1209,SCAU2,1,pair
2018,6,15,LF,FAKE,na,19,,91,45,24,61.1697,-162.8067,SCAU3,1,pair
2018,6,15,LF,FAKE,na,19,,91,45,24,61.1656,-161.8218,SCAU4,1,pair
2018,6,15,LF,FAKE,na,19,,91,45,24,61.1616,-161.4313,BLSC2,1,pair
2018,6,15,LF,FAKE,na,19,,91,45,24,61.1616,-161.4313,BLSC2,1,pair
2018,6,15,LF,FAKE,na,19,,91,45,24,61.1616,-161.4313,BLSC1,1,pair
2018,6,15,LF,FAKE,na,19,,91,45,24,61.1575,-161.0905,BLSC3,1,pair
2018,6,15,LF,FAKE,na,19,,91,45,24,61.1575,-161.0905,SCAU4,1,pair
2018,6,15,LF,FAKE,na,19,,91,45,24,61.1486,-160.5177,BLSC4,1,pair
2018,6,15,LF,FAKE,na,19,,91,45,24,61.1486,-160.5177,BLSC3,1,pair
2018,6,15,LF,FAKE,na,19,,91,45,24,61.1421,-160.1739,ENDPT,19,open
2018,6,18,LF,FAKE,na,18,,89,na,24,60.9254,-164.7489,START,18,open
2018,6,18,LF,FAKE,na,18,,89,na,24,60.927,-164.568,SCAU3,1,single
2018,6,18,LF,FAKE,na,18,,89,na,24,60.9276,-164.537,BLSC3,1,pair
2018,6,18,LF,FAKE,na,18,,89,na,24,60.9278,-164.5014,BLSC4,1,pair
2018,6,18,LF,FAKE,na,18,,89,na,24,60.9292,-164.3813,SCAU3,1,pair
2018,6,18,LF,FAKE,na,18,,89,na,24,60.9292,-164.3785,SCAU3,1,single
2018,6,18,LF,FAKE,na,18,,89,na,24,60.9292,-164.3785,SCAU3,1,single
2018,6,18,LF,FAKE,na,18,,89,na,24,60.9292,-164.3785,SCAU3,1,single
2018,6,18,LF,FAKE,na,18,,89,na,24,60.9292,-164.3785,BLSC3,1,pair
2018,6,18,LF,FAKE,na,18,,89,na,24,60.9292,-164.3785,SCAU3,1,pair
2018,6,18,LF,FAKE,na,18,,89,na,24,60.9292,-164.3785,BLSC3,1,single
2018,6,18,LF,FAKE,na,18,,89,na,24,60.9292,-164.3785,SCAU3,1,single
2018,6,18,LF,FAKE,na,18,,89,na,24,60.9301,-164.2613,SCAU3,1,pair
2018,6,18,LF,FAKE,na,18,,89,na,24,60.9303,-164.2558,SCAU2,1,pair
2018,6,18,LF,FAKE,na,18,,89,na,24,60.9303,-164.2531,SCAU3,1,pair
2018,6,18,LF,FAKE,na,18,,89,na,24,60.9303,-164.2531,SCAU2,1,pair
2018,6,18,LF,FAKE,na,18,,89,na,24,60.9303,-164.2531,SCAU2,1,pair
2018,6,18,LF,FAKE,na,18,,89,na,24,60.9303,-164.2333,SCAU2,1,pair
2018,6,18,LF,FAKE,na,18,,89,na,24,60.9302,-164.2168,SCAU3,1,pair
2018,6,18,LF,FAKE,na,18,,89,na,24,60.9302,-164.2168,SCAU3,1,single
2018,6,18,LF,FAKE,na,18,,89,na,24,60.9302,-164.2168,SCAU2,1,pair
2018,6,18,LF,FAKE,na,18,,89,na,24,60.932,-164.0372,BLSCF4,1,pair
2018,6,18,LF,FAKE,na,18,,90,na,24,60.9325,-163.9101,BLSC3,1,pair
2018,6,18,LF,FAKE,na,18,,90,na,24,60.9327,-163.9046,BLSC2,1,single
2018,6,18,LF,FAKE,na,18,,90,na,24,60.933,-163.8553,BLSC3,1,single
2018,6,18,LF,FAKE,na,18,,90,na,24,60.9331,-163.7874,BLSC3,1,pair
2018,6,18,LF,FAKE,na,18,,90,na,24,60.9331,-163.7847,SCAU2,1,pair
2018,6,18,LF,FAKE,na,18,,90,na,24,60.9338,-163.7486,SCAU2,1,pair
2018,6,18,LF,FAKE,na,18,,90,na,24,60.9337,-163.7477,SCAU3,1,pair
2018,6,18,LF,FAKE,na,18,,90,na,24,60.9337,-163.7477,BLSC3,1,single
2018,6,18,LF,FAKE,na,18,,90,na,24,60.9337,-163.7045,BLSC4,1,pair
2018,6,18,LF,FAKE,na,18,,90,na,24,60.9337,-163.7045,BLSC4,1,single
2018,6,18,LF,FAKE,na,18,,90,na,24,60.9337,-163.692,SCAU3,1,single
2018,6,18,LF,FAKE,na,18,,90,na,24,60.9337,-163.6516,SCAU3,1,pair
2018,6,18,LF,FAKE,na,18,,90,na,24,60.9344,-163.5471,SCAU2,1,pair
2018,6,18,LF,FAKE,na,18,,90,na,24,60.9344,-163.5471,SCAU2,1,single
2018,6,18,LF,FAKE,na,18,,90,na,24,60.9344,-163.5471,BLSC2,1,pair
2018,6,18,LF,FAKE,na,18,,90,na,24,60.9344,-163.5471,SCAU3,1,single
2018,6,18,LF,FAKE,na,18,,90,na,24,60.9344,-163.5471,SCAU3,1,single
2018,6,18,LF,FAKE,na,18,,90,na,24,60.9344,-163.5366,SCAU2,1,pair
2018,6,18,LF,FAKE,na,18,,90,na,24,60.9346,-163.1304,BLSC3,1,pair
2018,6,18,LF,FAKE,na,18,,90,na,24,60.9348,-163.112,BLSC3,1,single
2018,6,18,LF,FAKE,na,18,,90,na,24,60.9348,-163.112,BLSC3,1,pair
2018,6,18,LF,FAKE,na,18,,90,na,24,60.9348,-163.112,SCAU3,1,single
2018,6,18,LF,FAKE,na,18,,90,na,24,60.9346,-163.0726,LTDU2,1,single
2018,6,18,LF,FAKE,na,18,,90,na,24,60.9343,-162.8698,BLSC3,1,pair
2018,6,18,LF,FAKE,na,18,,90,na,24,60.9343,-162.8698,SCAU3,1,pair
2018,6,18,LF,FAKE,na,18,,90,na,24,60.9344,-162.8148,SCAU3,1,single
2018,6,18,LF,FAKE,na,18,,90,na,24,60.9328,-162.4576,SCAU3,1,pair
2018,6,18,LF,FAKE,na,18,,90,na,24,60.9331,-162.4205,SCAU2,1,single
2018,6,18,LF,FAKE,na,18,,91,45,24,60.9276,-161.756,SCAU3,1,single
2018,6,18,LF,FAKE,na,18,,91,45,24,60.9265,-161.6781,SCAU2,1,pair
2018,6,18,LF,FAKE,na,18,,91,45,24,60.9251,-161.5364,ENDPT,18,open
2018,6,19,LF,FAKE,na,13B,,270,180,24,59.8398,-161.7377,START,13,open
2018,6,19,LF,FAKE,na,13B,,270,180,24,59.8396,-162.0345,ENDPT,13,open
2018,6,19,LF,FAKE,na,13A,,270,180,24,59.8396,-163.1999,START,13,open
2018,6,19,LF,FAKE,na,13A,,270,180,24,59.8403,-163.3098,BLSC3,1,single
2018,6,19,LF,FAKE,na,13A,,270,180,24,59.8404,-163.478,SCAU3,1,single
2018,6,19,LF,FAKE,na,13A,,270,180,24,59.8404,-163.478,SCAU3,1,pair
2018,6,19,LF,FAKE,na,13A,,270,180,24,59.8407,-163.5214,BLSC3,1,pair
2018,6,19,LF,FAKE,na,13A,,270,180,24,59.8407,-163.5547,BLSC3,1,pair
2018,6,19,LF,FAKE,na,13A,,270,180,24,59.8406,-163.5784,BLSC3,2,2pair
2018,6,19,LF,FAKE,na,13A,,270,180,24,59.8404,-163.6507,LTDU3,1,single
2018,6,19,LF,FAKE,na,13A,,270,180,24,59.8399,-164.1201,SCAU1,1,single
2018,6,19,LF,FAKE,na,13A,,270,180,24,59.8399,-164.1317,ENDPT,13,open
2018,6,19,LF,FAKE,na,14,,90,180,24,60.0564,-163.9565,START,14,open
2018,6,19,LF,FAKE,na,14,,90,180,24,60.0574,-163.7337,SCAU2,1,pair
2018,6,19,LF,FAKE,na,14,,90,180,24,60.0574,-163.731,BLSC1,1,pair
2018,6,19,LF,FAKE,na,14,,90,180,24,60.0574,-163.7231,SCAU2,1,pair
2018,6,19,LF,FAKE,na,14,,90,180,24,60.0572,-163.6938,SCAU3,1,pair
2018,6,19,LF,FAKE,na,14,,90,180,24,60.0569,-163.2804,SCAU1,1,pair
2018,6,19,LF,FAKE,na,14,,90,180,24,60.0571,-163.2508,SCAU1,1,single
2018,6,19,LF,FAKE,na,14,,90,180,24,60.057,-163.2432,BLSC2,1,single
2018,6,19,LF,FAKE,na,14,,90,180,24,60.0569,-162.9987,SCAU3,1,pair
2018,6,19,LF,FAKE,na,14,,90,180,24,60.0565,-162.9741,ENDPT,14,open
2018,6,19,LF,FAKE,na,15,,89,180,24,60.2735,-164.7217,START,15,open
2018,6,19,LF,FAKE,na,15,,89,180,24,60.2769,-164.5248,SCAU2,1,single
2018,6,19,LF,FAKE,na,15,,89,180,24,60.2774,-164.4466,BLSC2,1,pair
2018,6,19,LF,FAKE,na,15,,89,180,24,60.2779,-164.4041,SCAU1,1,single
2018,6,19,LF,FAKE,na,15,,89,180,24,60.2779,-164.3763,SCAU3,1,pair
2018,6,19,LF,FAKE,na,15,,89,180,24,60.2793,-164.2838,SCAU3,1,pair
2018,6,19,LF,FAKE,na,15,,89,180,24,60.2807,-164.1411,BLSCF3,1,single
2018,6,19,LF,FAKE,na,15,,90,180,24,60.2845,-163.5426,SCAU1,1,pair
2018,6,19,LF,FAKE,na,15,,90,180,24,60.2845,-163.5426,BLSC1,1,pair
2018,6,19,LF,FAKE,na,15,,90,180,24,60.2845,-163.5426,SCAU1,1,single
2018,6,19,LF,FAKE,na,15,,90,180,24,60.2845,-163.5426,SCAU1,1,single
2018,6,19,LF,FAKE,na,15,,90,180,24,60.2845,-163.5426,SCAU1,1,single
2018,6,19,LF,FAKE,na,15,,90,180,24,60.2845,-163.5426,SCAU1,1,single
2018,6,19,LF,FAKE,na,15,,90,180,24,60.2845,-163.5426,SCAU1,1,single
2018,6,19,LF,FAKE,na,15,,90,180,24,60.2845,-163.5426,SCAU1,1,single
2018,6,19,LF,FAKE,na,15,,90,180,24,60.2845,-163.5426,SCAU1,1,single
2018,6,19,LF,FAKE,na,15,,90,180,24,60.2845,-163.5426,SCAU3,1,pair
2018,6,19,LF,FAKE,na,15,,90,180,24,60.2842,-163.5304,SCAU1,1,single
2018,6,19,LF,FAKE,na,15,,90,180,24,60.2843,-163.5208,LTDU1,1,single
2018,6,19,LF,FAKE,na,15,,90,180,24,60.2842,-163.4523,SCAU1,5,flkdrake
2018,6,19,LF,FAKE,na,15,,90,180,24,60.2852,-163.3859,BLSC1,1,pair
2018,6,19,LF,FAKE,na,15,,90,180,24,60.2854,-163.2823,BLSCF3,2,open
2018,6,19,LF,FAKE,na,15,,90,180,24,60.2854,-163.2823,LTDU2,1,single
2018,6,19,LF,FAKE,na,15,,90,180,24,60.2856,-163.1721,BLSC1,1,pair
2018,6,19,LF,FAKE,na,15,,90,180,24,60.2856,-163.0472,BLSC3,1,pair
2018,6,19,LF,FAKE,na,15,,90,180,24,60.2856,-163.0472,BLSC3,1,pair
2018,6,19,LF,FAKE,na,15,,90,180,24,60.2842,-162.2522,BLSC3,1,pair
2018,6,19,LF,FAKE,na,15,,90,180,24,60.2842,-162.2522,BLSC3,1,single
2018,6,19,LF,FAKE,na,15,,90,180,24,60.2835,-162.1404,BLSCF1,1,pair
2018,6,19,LF,FAKE,na,15,,90,180,24,60.2825,-161.9992,BLSC3,1,pair
201,6,19,LF,FAKE,na,15,,90,180,24,60.2818,-161.895,BLSC3,1,pair
2018,6,19,LF,FAKE,na,15,,90,180,24,60.2818,-161.895,SCAU3,1,single
2018,6,19,LF,FAKE,na,15,,90,180,24,60.2821,-161.8729,SCAU1,1,pair
2018,6,19,LF,FAKE,na,15,,90,180,24,60.282,-161.8685,BLSC2,1,pair
2018,6,19,LF,FAKE,na,15,,90,180,24,60.2817,-161.8615,SCAU3,2,flkdrake
2018,6,19,LF,FAKE,na,15,,91,180,24,60.2765,-161.3711,LTDU2,1,pair
2018,6,19,LF,FAKE,na,15,,91,180,24,60.2742,-161.1482,ENDPT,15,open
2018,6,19,LF,FAKE,na,16,,271,180,24,60.4915,-161.4444,START,16,open
2018,6,19,LF,FAKE,na,16,,271,180,24,60.4983,-162.4069,BLSC3,1,single
2018,6,19,LF,FAKE,na,16,,271,180,24,60.4988,-162.764,SCAU2,1,pair
2018,6,19,LF,FAKE,na,16,,271,180,24,60.4988,-162.764,SCAU2,1,single
2018,6,19,LF,FAKE,na,16,,271,180,24,60.4988,-162.764,BLSC2,1,pair
2018,6,19,LF,FAKE,na,16,,271,180,24,60.4992,-162.9665,BLSC4,1,single
2018,6,19,LF,FAKE,na,16,,271,180,24,60.4994,-163.0377,SCAU3,1,single
2018,6,19,LF,FAKE,na,16,,269,180,24,60.4989,-163.3411,SCAU3,1,pair
2018,6,19,LF,FAKE,na,16,,269,180,24,60.4966,-163.8039,BLSC3,1,pair
2018,6,19,LF,FAKE,na,16,,269,180,24,60.4964,-163.8299,BLSC3,1,pair
2018,6,19,LF,FAKE,na,16,,269,180,24,60.494,-164.0693,BLSC3,1,single
2018,6,19,LF,FAKE,na,16,,269,180,24,60.4941,-164.1005,BLSCF3,1,pair
2018,6,19,LF,FAKE,na,16,,269,180,24,60.4926,-164.2888,SCAU4,1,pair
2018,6,19,LF,FAKE,na,16,,269,180,24,60.4919,-164.3366,SCAU3,1,pair
2018,6,19,LF,FAKE,na,16,,269,180,24,60.4912,-164.3722,BLSC3,3,flkdrake
2018,6,19,LF,FAKE,na,16,,269,180,24,60.4911,-164.4168,ENDPT,16,open
2018,6,19,LF,FAKE,na,17A,,E,180,24,60.7077,-164.0939,START,17,open
2018,6,19,LF,FAKE,na,17A,,E,180,24,60.7084,-164.0415,BLSC3,1,pair
2018,6,19,LF,FAKE,na,17A,,E,180,24,60.7093,-163.9411,SCAU2,1,pair
2018,6,19,LF,FAKE,na,17A,,E,180,24,60.7118,-163.4005,SCAU3,1,single
2018,6,19,LF,FAKE,na,17A,,E,180,24,60.712,-163.149,BLSC3,1,pair
2018,6,19,LF,FAKE,na,17A,,E,180,24,60.7121,-163.0261,SCAU3,1,pair
2018,6,19,LF,FAKE,na,17A,,E,180,24,60.7122,-163.0128,BLSC3,1,single
2018,6,19,LF,FAKE,na,17A,,E,180,24,60.7119,-162.857,BLSC2,1,pair
2018,6,19,LF,FAKE,na,17A,,91,180,24,60.7114,-162.6192,BLSC4,1,pair
2018,6,19,LF,FAKE,na,17A,,91,180,24,60.7114,-162.6192,BLSC4,1,single
2018,6,19,LF,FAKE,na,17A,,91,180,24,60.7097,-162.3196,BLSC3,1,pair
2018,6,19,LF,FAKE,na,17A,,91,180,24,60.7081,-162.0803,SCAU3,1,single
2018,6,19,LF,FAKE,na,17A,,91,180,24,60.7082,-162.0455,ENDPT,17,open
2018,6,19,LF,FAKE,na,17B,,90,180,24,60.7081,-161.7057,START,17,open
2018,6,19,LF,FAKE,na,17B,,90,180,24,60.7086,-161.5806,SCAU1,1,single
2018,6,19,LF,FAKE,na,17B,,90,180,24,60.7089,-161.1071,SCAU2,1,single
2018,6,19,LF,FAKE,na,17B,,90,180,24,60.7084,-160.6643,ENDPT,17,open
2018,6,20,LF,FAKE,na,27,,270,90,24,63.3134,-162.0983,START,27,open
2018,6,20,LF,FAKE,na,27,,270,90,24,63.3137,-162.3454,SCAU3,1,pair
2018,6,20,LF,FAKE,na,27,,270,90,24,63.3137,-162.3454,SCAU3,1,single
2018,6,20,LF,FAKE,na,27,,270,90,24,63.3137,-162.3454,SCAU3,1,pair
2018,6,20,LF,FAKE,na,27,,270,90,24,63.3137,-162.3454,SCAU3,1,pair
2018,6,20,LF,FAKE,na,27,,270,90,24,63.3137,-162.3454,SCAU3,1,pair
2018,6,20,LF,FAKE,na,27,,270,90,24,63.3136,-162.3735,SCAU3,1,pair
2018,6,20,LF,FAKE,na,27,,270,90,24,63.3136,-162.3735,SCAU3,1,single
2018,6,20,LF,FAKE,na,27,,270,90,24,63.3135,-162.5404,BLSC3,1,pair
2018,6,20,LF,FAKE,na,27,,270,90,24,63.3134,-162.5457,ENDPT,27,open
2018,6,20,LF,FAKE,na,26,,271,90,24,62.8792,-162.8349,START,26,open
2018,6,20,LF,FAKE,na,26,,271,90,24,62.8809,-163.1082,SCAU3,1,single
2018,6,20,LF,FAKE,na,26,,271,90,24,62.8822,-163.5043,BLSCF2,4,open
2018,6,20,LF,FAKE,na,26,,271,90,24,62.8824,-163.5278,SCAU3,1,single
2018,6,20,LF,FAKE,na,26,,271,90,24,62.8823,-163.5389,SCAU3,1,single
2018,6,20,LF,FAKE,na,26,,271,90,24,62.8822,-163.5435,SCAU3,1,single
2018,6,20,LF,FAKE,na,26,,271,90,24,62.8823,-163.5507,SCAU1,1,single
2018,6,20,LF,FAKE,na,26,,271,90,24,62.8823,-163.5507,LTDU1,1,pair
2018,6,20,LF,FAKE,na,26,,90,90,24,0,0,BLSC3,1,pair
2018,6,20,LF,FAKE,na,26,,90,90,24,0,0,BLSC3,1,single
2018,6,20,LF,FAKE,na,26,,90,90,24,0,0,SCAU1,1,pair
2018,6,20,LF,FAKE,na,26,,90,90,24,0,0,SCAU3,1,pair
2018,6,20,LF,FAKE,na,26,,90,90,24,0,0,SCAU3,1,single
2018,6,20,LF,FAKE,na,26,,90,90,24,0,0,ENDPT,26,open
2018,6,20,LF,FAKE,na,25,,89,360,24,62.4445,-165.2426,START,25,open
2018,6,20,LF,FAKE,na,25,,89,360,24,62.4451,-165.2144,SCAU3,1,pair
2018,6,20,LF,FAKE,na,25,,89,360,24,62.4457,-165.1171,SCAU3,1,pair
2018,6,20,LF,FAKE,na,25,,89,360,24,62.4461,-164.9848,BLSC1,1,pair
2018,6,20,LF,FAKE,na,25,,89,360,24,62.4461,-164.9848,SCAU3,1,single
2018,6,20,LF,FAKE,na,25,,89,360,24,62.4462,-164.9812,BLSC2,1,pair
2018,6,20,LF,FAKE,na,25,,89,360,24,62.4469,-164.825,SCAU3,1,pair
2018,6,20,LF,FAKE,na,25,,89,360,24,62.4471,-164.8031,BLSC4,1,pair
2018,6,20,LF,FAKE,na,25,,89,360,24,62.4473,-164.724,LTDU3,1,single
2018,6,20,LF,FAKE,na,25,,89,360,24,62.4477,-164.5746,BLSC3,1,pair
2018,6,20,LF,FAKE,na,25,,89,360,24,62.4477,-164.5746,SCAU1,1,single
2018,6,20,LF,FAKE,na,25,,89,360,24,62.4477,-164.5746,BLSC1,1,single
2018,6,20,LF,FAKE,na,25,,89,360,24,62.4477,-164.5746,SCAU1,1,pair
2018,6,20,LF,FAKE,na,25,,89,360,24,62.4477,-164.5746,SCAU1,1,pair
2018,6,20,LF,FAKE,na,25,,89,360,24,62.4477,-164.5746,SCAU1,1,pair
2018,6,20,LF,FAKE,na,25,,89,360,24,62.4478,-164.5633,SCAU1,1,pair
2018,6,20,LF,FAKE,na,25,,89,360,24,62.4478,-164.5633,SCAU1,1,pair
2018,6,20,LF,FAKE,na,25,,89,360,24,62.4478,-164.5633,SCAU1,1,pair
2018,6,20,LF,FAKE,na,25,,89,360,24,62.4478,-164.5403,SCAU3,1,pair
2018,6,20,LF,FAKE,na,25,,90,360,24,62.4478,-164.5247,SCAU3,1,single
2018,6,20,LF,FAKE,na,25,,90,360,24,62.4477,-164.4501,SCAU2,1,pair
2018,6,20,LF,FAKE,na,25,,90,360,24,62.4463,-163.5907,BLSC4,1,single
2018,6,20,LF,FAKE,na,25,,90,360,24,62.445,-163.3991,BLSC3,1,pair
2018,6,20,LF,FAKE,na,25,,90,360,24,62.4449,-163.3659,ENDPT,25,open
2018,6,20,LF,FAKE,na,24,,270,90,24,62.2277,-164.4111,START,24,open
2018,6,20,LF,FAKE,na,24,,270,90,24,62.2278,-164.4231,BLSC4,1,pair
2018,6,20,LF,FAKE,na,24,,270,90,24,62.2278,-164.4259,BLSC3,1,pair
2018,6,20,LF,FAKE,na,24,,270,90,24,62.2278,-164.4259,BLSC3,1,pair
2018,6,20,LF,FAKE,na,24,,270,90,24,62.2278,-164.4259,SCAU3,1,pair
2018,6,20,LF,FAKE,na,24,,270,90,24,62.2278,-164.4259,SCAU3,1,pair
2018,6,20,LF,FAKE,na,24,,270,90,24,62.2287,-164.7754,SCAU4,1,single
2018,6,20,LF,FAKE,na,24,,270,90,24,62.2278,-164.8458,ENDPT,24,open
2018,6,20,LF,FAKE,na,23A,,89,90,24,62.0106,-165.7576,START,23,open
2018,6,20,LF,FAKE,na,23A,,89,90,24,62.0112,-165.7278,SCAU3,1,pair
2018,6,20,LF,FAKE,na,23A,,89,90,24,62.0112,-165.7278,SCAU3,1,single
2018,6,20,LF,FAKE,na,23A,,89,90,24,62.0119,-165.7017,SCAU3,1,pair
2018,6,20,LF,FAKE,na,23A,,89,90,24,62.0119,-165.7017,LTDU3,1,pair
2018,6,20,LF,FAKE,na,23A,,89,90,24,62.0119,-165.7017,SCAU2,1,pair
2018,6,20,LF,FAKE,na,23A,,89,90,24,62.013,-165.4796,SCAU3,1,pair
2018,6,20,LF,FAKE,na,23A,,89,90,24,62.0139,-165.392,SCAU2,1,single
2018,6,20,LF,FAKE,na,23A,,89,90,24,62.0138,-165.349,LTDU3,1,pair
2018,6,20,LF,FAKE,na,23A,,89,90,24,62.0144,-165.3117,BLSC3,1,pair
2018,6,20,LF,FAKE,na,23A,,89,90,24,62.0149,-165.2702,LTDU3,1,single
2018,6,20,LF,FAKE,na,23A,,89,90,24,62.0159,-165.1094,SCAU3,1,pair
2018,6,20,LF,FAKE,na,23A,,89,90,24,62.0161,-165.0959,SCAU3,1,pair
2018,6,20,LF,FAKE,na,23A,,89,90,24,62.0161,-165.0959,SCAU3,1,single
2018,6,20,LF,FAKE,na,23A,,89,90,24,62.0161,-165.0959,SCAU3,1,single
2018,6,20,LF,FAKE,na,23A,,89,90,24,62.0161,-165.0959,SCAU3,1,single
2018,6,20,LF,FAKE,na,23A,,89,90,24,62.0161,-165.0959,BLSC3,1,single
2018,6,20,LF,FAKE,na,23A,,89,90,24,62.0166,-164.936,BLSC2,1,pair
2018,June,20,LF,FAKE,na,23A,,89,90,24,62.0169,-164.8786,BLSC3,1,pair
2018,June,20,LF,FAKE,na,23A,,89,90,24,62.0168,-164.8721,BLSC3,1,pair
2018,June,20,LF,FAKE,na,23A,,89,90,24,62.0173,-164.791,SCAU3,1,pair
2018,6,20,LF,FAKE,na,23A,,89,90,24,62.0174,-164.7854,SCAU2,1,pair
2018,6,20,LF,FAKE,na,23A,,91,90,24,62.0182,-164.3303,BLSC4,1,single
2018,6,20,LF,FAKE,na,23A,,91,90,24,62.0182,-164.305,BLSC4,1,single
2018,6,20,LF,FAKE,na,23A,,91,90,24,62.0177,-164.1922,SCAU2,1,single
2018,6,20,LF,FAKE,na,23A,,91,90,24,62.0178,-164.1597,BLSC3,1,single
2018,6,20,LF,FAKE,na,23A,,91,90,24,62.0105,-162.9115,ENDPT,23,open
2018,6,20,LF,FAKE,na,23B,,90,90,24,62.0106,-162.7413,START,23,open
2018,6,20,LF,FAKE,na,23B,,90,90,24,62.0107,-161.7711,ENDPT,23,open
2018,6,20,LF,FAKE,na,22B,,90,90,24,61.7932,-160.5408,START,22,open
2018,6,20,LF,FAKE,na,22B,,90,90,24,61.7935,-160.2837,ENDPT,22,open
2018,6,22,LF,FAKE,na,22A,,270,180,24,61.7933,-163.5657,START,22,open
2018,6,22,LF,FAKE,na,22A,,270,180,24,61.7946,-163.9777,BLSCF3,1,pair
2018,6,22,LF,FAKE,na,22A,,270,180,24,61.7946,-164.1257,BLSCF3,1,pair
2018,6,22,LF,FAKE,na,22A,,270,180,24,61.7946,-164.2123,BLSCF3,1,pair
2018,6,22,LF,FAKE,na,22A,,270,180,24,61.7946,-164.2123,BLSCF3,1,pair
2018,6,22,LF,FAKE,na,22A,,270,180,24,61.7946,-164.2243,BLSC3,1,pair
2018,6,22,LF,FAKE,na,22A,,270,180,24,61.7941,-164.3332,BLSC3,1,pair
2018,6,22,LF,FAKE,na,22A,,270,180,24,61.7937,-164.5522,ENDPT,22,open
2018,6,22,LF,FAKE,na,21,,88,180,24,61.5762,-166.1856,START,21,open
2018,6,22,LF,FAKE,na,21,,88,180,24,61.5855,-165.7936,BLSC1,1,pair
2018,6,22,LF,FAKE,na,21,,88,180,24,61.5882,-165.6722,BLSC2,1,pair
2018,6,22,LF,FAKE,na,21,,88,180,24,61.5899,-165.5825,SCAU2,1,pair
2018,6,22,LF,FAKE,na,21,,88,180,24,61.5901,-165.5693,SCAU1,1,single
2018,6,22,LF,FAKE,na,21,,88,180,24,61.5905,-165.5536,SCAU3,1,pair
2018,6,22,LF,FAKE,na,21,,88,180,24,61.5916,-165.4795,BLSCF1,1,single
2018,6,22,LF,FAKE,na,21,,88,180,24,61.5921,-165.4663,BLSC3,1,pair
2018,6,22,LF,FAKE,na,21,,88,180,24,61.5923,-165.4558,BLSC4,1,pair
2018,6,22,LF,FAKE,na,21,,88,180,24,61.5958,-165.2479,LTDU3,1,single
2018,6,22,LF,FAKE,na,21,,88,180,24,61.5985,-165.1122,BLSC2,1,pair
2018,6,22,LF,FAKE,na,21,,88,180,24,61.5985,-165.1122,BLSC3,1,pair
2018,6,22,LF,FAKE,na,21,,88,180,24,61.5987,-165.0897,BLSC3,1,pair
2018,6,22,LF,FAKE,na,21,,88,180,24,61.5983,-165.082,BLSC4,1,pair
2018,6,22,LF,FAKE,na,21,,88,180,24,61.5983,-165.082,BLSC4,1,pair
2018,6,22,LF,FAKE,na,21,,88,180,24,61.5999,-165.0039,SCAU1,1,pair
2018,6,22,LF,FAKE,na,21,,88,180,24,61.6002,-164.9851,SCAU3,1,single
2018,6,22,LF,FAKE,na,21,,88,180,24,61.6009,-164.9315,BLSC4,1,pair
2018,6,22,LF,FAKE,na,21,,88,180,24,61.6009,-164.9315,BLSC4,1,single
2018,6,22,LF,FAKE,na,21,,88,180,24,61.6009,-164.9315,BLSC4,1,pair
2018,6,22,LF,FAKE,na,21,,88,180,24,61.6027,-164.8174,BLSC2,1,pair
2018,6,22,LF,FAKE,na,21,,88,180,24,61.6041,-164.7111,BLSC2,1,pair
2018,6,22,LF,FAKE,na,21,,88,180,24,61.605,-164.6557,SCAU2,1,pair
2018,6,22,LF,FAKE,na,21,,88,180,24,61.605,-164.6557,SCAU2,1,single
2018,6,22,LF,FAKE,na,21,,88,180,24,61.605,-164.6557,BLSC2,1,pair
2018,6,22,LF,FAKE,na,21,,88,180,24,61.6049,-164.6449,BLSC1,1,pair
2018,6,22,LF,FAKE,na,21,,88,180,24,61.6049,-164.6449,BLSC1,1,single
2018,6,22,LF,FAKE,na,21,,88,180,24,61.6049,-164.6449,SCAU1,3,flkdrake
2018,6,22,LF,FAKE,na,21,,88,180,24,61.6049,-164.6449,SCAU1,3,flkdrake
2018,6,22,LF,FAKE,na,21,,88,180,24,61.6087,-164.324,BLSC1,1,pair
2018,6,22,LF,FAKE,na,21,,88,180,24,61.6093,-164.2747,BLSC1,1,pair
2018,6,22,LF,FAKE,na,21,,89,180,24,61.6102,-164.1855,LTDU2,1,pair
2018,6,22,LF,FAKE,na,21,,89,180,24,61.612,-163.9766,BLSC3,1,pair
2018,6,22,LF,FAKE,na,21,,89,180,24,61.6127,-163.8948,LTDU2,1,pair
2018,6,22,LF,FAKE,na,21,,89,180,24,61.6127,-163.8948,LTDU2,1,single
2018,6,22,LF,FAKE,na,21,,89,180,24,61.6127,-163.8948,SCAU3,25,open
2018,6,22,LF,FAKE,na,21,,89,180,24,61.6127,-163.8948,SCAU3,30,open
2018,6,22,LF,FAKE,na,21,,89,180,24,61.6131,-163.8244,SCAU4,1,pair
2018,6,22,LF,FAKE,na,21,,89,180,24,61.6137,-163.7657,SCAU1,1,pair
2018,6,22,LF,FAKE,na,21,,89,180,24,61.6146,-163.5936,BLSC3,1,pair
2018,6,22,LF,FAKE,na,21,,89,180,24,61.6155,-163.4387,BLSC3,1,pair
2018,6,22,LF,FAKE,na,21,,90,180,24,61.6158,-163.2891,SCAU3,1,single
2018,6,22,LF,FAKE,na,21,,90,180,24,61.616,-163.2061,BLSC1,1,pair
2018,6,22,LF,FAKE,na,21,,90,180,24,61.6161,-163.0617,BLSC1,1,pair
2018,6,22,LF,FAKE,na,21,,90,180,24,61.6161,-163.0617,BLSC2,1,pair
2018,6,22,LF,FAKE,na,21,,90,180,24,61.6163,-163.0395,BLSC3,1,pair
2018,6,22,LF,FAKE,na,21,,90,180,24,61.6163,-163.0395,BLSC3,1,single
2018,6,22,LF,FAKE,na,21,,90,180,24,61.6163,-162.5875,BLSC2,1,pair
2018,6,22,LF,FAKE,na,21,,92,180,24,61.5956,-160.5072,BLSC3,1,pair
2018,6,22,LF,FAKE,na,21,,92,180,24,61.5956,-160.5072,SCAU3,1,pair
2018,6,22,LF,FAKE,na,21,,92,180,24,61.5945,-160.4522,BLSC2,1,single
2018,6,22,LF,FAKE,na,20B,,270,235,24,61.3595,-160.762,START,20,open
2018,6,22,LF,FAKE,na,20B,,270,235,24,61.3615,-161.8205,BLSC3,1,single
2018,6,22,LF,FAKE,na,20B,,270,235,24,61.3616,-161.8269,BLSC3,1,pair
2018,6,22,LF,FAKE,na,20B,,270,235,24,61.3616,-161.8269,BLSC3,1,pair
2018,6,22,LF,FAKE,na,20B,,270,235,24,61.3615,-161.8468,BLSC3,1,pair
2018,6,22,LF,FAKE,na,20B,,270,235,24,61.3615,-161.8468,BLSC3,1,pair
2018,6,22,LF,FAKE,na,20B,,270,235,24,61.3615,-161.8468,SCAU3,1,single
2018,6,22,LF,FAKE,na,20B,,270,235,24,61.3615,-161.8468,BLSC3,1,pair
2018,6,22,LF,FAKE,na,20B,,270,235,24,61.3615,-161.8468,SCAU3,1,pair
2018,6,22,LF,FAKE,na,20B,,270,235,24,61.3615,-161.8468,SCAU3,1,pair
2018,6,22,LF,FAKE,na,20B,,270,235,24,61.3615,-161.8468,SCAU3,1,single
2018,6,22,LF,FAKE,na,20B,,270,235,24,61.3615,-161.8468,SCAU3,1,single
2018,6,22,LF,FAKE,na,20B,,270,235,24,61.3615,-161.8468,SCAU3,1,single
2018,6,22,LF,FAKE,na,20B,,270,235,24,61.3613,-161.859,BLSC3,1,pair
2018,6,22,LF,FAKE,na,20B,,270,235,24,61.3613,-161.859,BLSC3,1,pair
2018,6,22,LF,FAKE,na,20B,,270,235,24,61.3611,-162.0021,BLSC3,1,pair
2018,6,22,LF,FAKE,na,20B,,270,235,24,61.3595,-162.37,ENDPT,20,open
2018,6,22,LF,FAKE,na,20A,,271,235,24,61.3594,-162.8829,START,20,open
2018,6,22,LF,FAKE,na,20A,,271,235,24,61.3608,-163.079,BLSC2,1,pair
2018,6,22,LF,FAKE,na,20A,,271,235,24,61.3616,-163.2305,BLSC3,1,single
2018,6,22,LF,FAKE,na,20A,,270,180,24,61.3636,-163.6472,BLSC3,1,pair
2018,6,22,LF,FAKE,na,20A,,270,180,24,61.3636,-163.6472,BLSC3,1,single
2018,6,22,LF,FAKE,na,20A,,270,180,24,61.3601,-164.913,BLSC3,1,pair
2018,6,22,LF,FAKE,na,20A,,270,180,24,61.3594,-164.9908,BLSC3,1,single
2018,6,22,LF,FAKE,na,20A,,270,180,24,61.3595,-165.0221,ENDPT,20,open
2018,6,23,LF,FAKE,na,1,,90,315,24,57.2856,-157.9902,START,1,open
2018,6,23,LF,FAKE,na,1,,90,315,24,57.2848,-158.038,SCAU3,3,flkdrake
2018,6,23,LF,FAKE,na,1,,90,315,24,57.2848,-158.038,SCAU3,3,flkdrake
2018,6,23,LF,FAKE,na,1,,90,315,24,57.285,-158.1285,SCAU1,1,pair
2018,6,23,LF,FAKE,na,1,,90,315,24,57.285,-158.3183,ENDPT,1,open
2018,6,23,LF,FAKE,na,1,,90,315,24,57.5014,-157.857,START,2,open
2018,6,23,LF,FAKE,na,2A,,90,315,strong,57.502,-157.7318,SCAU3,3,single
2018,6,23,LF,FAKE,na,2A,,90,315,strong,57.5018,-157.6841,SCAU2,1,single
2018,6,23,LF,FAKE,na,2A,,90,315,strong,57.5017,-157.6754,BLSC2,1,pair
2018,6,23,LF,FAKE,na,2A,,90,315,strong,57.5017,-157.6754,SCAU2,1,pair
2018,6,23,LF,FAKE,na,2A,,90,315,strong,0,0,SCAU3,1,pair
2018,6,23,LF,FAKE,na,2A,,90,315,strong,0,0,SCAU3,1,single
2018,6,23,LF,FAKE,na,2A,,90,315,strong,0,0,SCAU3,3,flkdrake
2018,6,23,LF,FAKE,na,2A,,90,315,strong,0,0,SCAU3,1,pair
2018,6,23,LF,FAKE,na,2A,,90,315,strong,0,0,BLSC3,1,pair
2018,6,23,LF,FAKE,na,2A,,90,315,strong,0,0,BLSC3,1,pair
2018,6,23,LF,FAKE,na,2A,,90,315,strong,0,0,LTDU1,1,single
2018,6,23,LF,FAKE,na,2A,,90,315,strong,0,0,ENDPT,2,open
2018,6,23,LF,FAKE,na,2B,,90,315,strong,57.5017,-157.2975,START,2,open
2018,6,23,LF,FAKE,na,2B,,90,315,strong,57.5019,-157.0305,ENDPT,2,open
2018,6,23,LF,FAKE,na,3,,270,315,24,57.7188,-156.732,START,3,open
2018,6,23,LF,FAKE,na,3,,270,315,24,57.7201,-157.2284,BLSC3,1,pair
2018,6,23,LF,FAKE,na,3,,270,315,24,57.7201,-157.2284,BLSC4,1,pair
2018,6,23,LF,FAKE,na,3,,270,315,24,57.7203,-157.2431,BLSC3,1,pair
2018,6,23,LF,fake,na,3,,270,315,24,57.7203,-157.2551,BLSC3,1,pair
2018,6,23,LF,fake,na,3,,270,315,24,57.7203,-157.2551,BLSC3,1,single
2018,6,23,LF,fake,na,3,,270,315,24,57.7199,-157.3367,BLSC3,1,single
2018,6,23,LF,fake,na,3,,270,315,24,57.7199,-157.3367,BLSC3,1,pair
2018,6,23,LF,fake,na,3,,270,315,24,57.72,-157.395,BLSC3,1,pair
2018,6,23,LF,fake,na,3,,270,315,24,57.72,-157.395,SCAU3,2,flkdrake
2018,6,23,LF,fake,na,3,,270,315,24,57.7199,-157.3989,BLSC2,1,pair
2018,6,23,LF,fake,na,3,,270,315,24,57.7199,-157.3989,BLSC2,1,single
2018,6,23,LF,fake,na,3,,270,315,24,57.7199,-157.3989,BLSC2,1,pair
2018,6,23,LF,fake,na,3,,270,315,24,57.7199,-157.3989,BLSC2,1,pair
2018,6,23,LF,fake,na,3,,270,315,24,57.7199,-157.3989,BLSC2,1,single
2018,6,23,LF,fake,na,3,,270,315,24,57.7196,-157.6143,SCAU1,1,pair
2018,6,23,LF,fake,na,3,,270,315,24,57.7196,-157.6143,SCAU1,1,single
2018,6,23,LF,fake,na,3,,270,315,24,57.7194,-157.6328,ENDPT,3,open
2018,6,23,LF,fake,na,4,,90,315,24,57.9376,-157.6289,START,4,open
2018,6,23,LF,fake,na,4,,90,315,24,57.9363,-157.5074,BLSC3,1,pair
2018,6,23,LF,fake,na,4,,90,315,24,57.9363,-157.5074,LTDU3,1,pair
2018,6,23,LF,fake,na,4,,90,315,24,57.9364,-157.3444,SCAU3,1,pair
2018,6,23,LF,fake,na,4,,90,315,24,57.9364,-157.3444,SCAU3,2,flkdrake
2018,6,23,LF,fake,na,4,,90,315,24,57.9358,-156.8305,ENDPT,4,open
2018,6,23,LF,fake,na,5,,22,315,24,58.1527,-156.625,START,5,open
2018,6,23,LF,fake,na,5,,22,315,24,58.1539,-156.8614,SCAU3,1,pair
2018,6,23,LF,fake,na,5,,22,315,24,58.154,-156.8844,SCAU3,1,single
2018,6,23,LF,fake,na,5,,22,315,24,58.154,-156.8844,SCAU1,1,single
2018,6,23,LF,fake,na,5,,22,315,24,58.1539,-156.9567,SCAU4,1,single
2018,6,23,LF,fake,na,5,,22,315,24,58.154,-156.9921,BLSC4,1,single
2018,6,23,LF,fake,na,5,,22,315,24,58.154,-156.9921,BLSC4,1,pair
2018,6,23,LF,fake,na,5,,22,315,24,58.154,-156.9921,BLSC4,1,pair
2018,6,23,LF,fake,na,5,,22,315,24,58.154,-156.9921,BLSC4,1,single
2018,6,23,LF,fake,na,5,,22,315,24,58.1539,-157.3546,BLSC3,1,pair
2018,6,23,LF,fake,na,5,,22,315,24,58.1539,-157.3546,BLSC3,1,single
2018,6,23,LF,fake,na,5,,22,315,24,58.1539,-157.3546,BLSC3,1,single
2018,6,23,LF,fake,na,5,,22,315,24,58.1539,-157.3546,BLSC3,1,shingle
2018,6,23,LF,fake,na,5,,22,315,24,58.1539,-157.3546,BLSC3,1,single
2018,6,23,LF,fake,na,5,,22,315,24,58.1533,-157.5542,ENDPT,5,open
2018,6,23,LF,fake,na,6,,22,315,24,58.3705,-157.5355,START,6,open
2018,6,23,LF,fake,na,6,,22,315,24,58.3714,-157.1876,BLSC3,1,single
2018,6,23,LF,fake,na,6,,22,315,24,58.3714,-157.1876,BLSC3,1,pair
2018,6,23,LF,fake,na,6,,22,315,24,58.3713,-157.1703,BLSC1,1,pair
2018,6,23,LF,fake,na,6,,22,315,24,58.3713,-157.1703,BLSC2,1,pair 
2018,6,23,LF,fake,na,6,,22,315,24,58.371,-156.837,SCAU1,1,pair
2018,6,23,LF,fake,na,6,,22,315,24,58.371,-156.837,SCAU1,1,single
2018,6,23,LF,fake,na,6,,22,315,24,58.371,-156.8346,BLSC2,1,pair
2018,6,23,LF,fake,na,6,,22,315,24,58.371,-156.8331,SCAU2,1,single
2018,6,23,LF,fake,na,6,,22,315,24,58.371,-156.8331,SCAU2,2,flkdrake
2018,6,23,LF,fake,na,6,,22,315,24,58.3712,-156.76,BLSC3,1,pair
2018,6,23,LF,FAKE,na,6,,22,315,24,58.3712,-156.76,SCAU1,1,single
2018,6,23,LF,FAKE,na,6,,22,315,24,58.3712,-156.76,SCAU1,1,pair
2018,6,23,LF,FAKE,na,6,,22,315,24,58.3712,-156.76,SCAU1,2,flkdrake
2018,6,23,LF,FAKE,na,6,,22,315,24,58.3712,-156.76,BLSC3,1,single
2018,6,23,LF,FAKE,na,6,,22,315,24,58.3712,-156.76,SCAU3,3,single
2018,6,23,LF,FAKE,na,6,,22,315,24,58.3706,-156.5514,BLSC4,1,pair
2018,6,23,LF,FAKE,na,6,,22,315,24,58.3704,-156.4554,ENDPT,6,open
2018,6,24,LF,FAKE,na,12B,,270,na,24,59.8907,-154.7372,START,12,open
2018,6,24,LF,FAKE,na,12B,,270,na,24,59.8901,-154.9419,ENDPT,12,open
2018,6,24,LF,FAKE,na,12A,,270,na,24,59.8901,-156.4299,START,12,open
2018,6,24,LF,FAKE,na,12A,,270,na,24,59.8909,-156.5945,BLSC2,1,pair
2018,6,24,LF,FAKE,na,12A,,270,na,24,59.8911,-156.7739,SCAU3,1,pair
2018,6,24,LF,FAKE,na,12A,,270,na,24,59.8915,-156.8785,SCAU4,1,pair
2018,6,24,LF,FAKE,na,12A,,270,na,24,59.8915,-156.8785,BLSC4,1,pair
2018,6,24,LF,FAKE,na,12A,,270,na,24,59.8915,-156.8785,BLSC4,1,single
2018,6,24,LF,FAKE,na,12A,,270,na,24,59.8916,-156.8946,BLSC3,1,single
2018,6,24,LF,FAKE,na,12A,,270,na,24,59.8906,-157.5559,SCAU2,1,single
2018,6,24,LF,FAKE,na,12A,,270,na,24,59.8904,-157.608,ENDPT,12,open
2018,6,24,LF,FAKE,na,11A,,90,na,24,59.4557,-157.0938,START,11,open
2018,6,24,LF,FAKE,na,11A,,90,na,24,59.4565,-156.9289,BLSC4,1,pair
2018,6,24,LF,FAKE,na,11A,,90,na,24,0,0,BLSC1,1,pair
2018,6,24,LF,FAKE,na,11A,,90,na,24,0,0,BLSC3,1,pair
2018,6,24,LF,FAKE,na,11A,,90,na,24,0,0,BLSC3,2,flkdrake
2018,6,24,LF,FAKE,na,11A,,90,na,24,0,0,SCAU3,1,pair
2018,6,24,LF,FAKE,na,11A,,90,na,24,0,0,BLSC3,1,single
2018,6,24,LF,FAKE,na,11A,,90,na,24,0,0,SCAU3,1,single
2018,6,24,LF,FAKE,na,11A,,90,na,24,0,0,SCAU3,1,pair
2018,6,24,LF,FAKE,na,11A,,90,na,24,0,0,BLSC3,1,single
2018,6,24,LF,FAKE,na,11A,,90,na,24,0,0,BLSC3,1,pair
2018,6,24,LF,FAKE,na,11A,,90,na,24,0,0,BLSC2,1,pair
2018,6,24,LF,FAKE,na,11A,,90,na,24,0,0,SCAU2,2,flkdrake
2018,6,24,LF,FAKE,na,11A,,90,na,24,0,0,BLSC3,1,pair
2018,6,24,LF,FAKE,na,11A,,90,na,24,0,0,BLSC3,1,pair
2018,6,24,LF,FAKE,na,11A,,90,na,24,0,0,ENDPT,11,open
2018,6,24,LF,FAKE,na,11B,,90,na,24,59.4552,-154.5437,START,11,open
2018,6,24,LF,FAKE,na,11B,,90,na,24,59.4564,-154.2239,ENDPT,11,open
2018,6,24,LF,FAKE,na,10,,90,na,24,59.2386,-157.3594,START,10,open
2018,6,24,LF,FAKE,na,10,,90,na,24,59.2399,-157.2564,SCAU3,10,flkdrake
2018,6,24,LF,FAKE,na,10,,90,na,24,59.2399,-157.2564,SCAU2,7,flkdrake
2018,6,24,LF,FAKE,na,10,,90,na,24,59.2408,-156.4747,SCAU2,1,pair
2018,6,24,LF,FAKE,na,10,,90,na,24,59.2384,-155.7606,ENDPT,10,open
2018,6,24,LF,FAKE,na,9C,,270,na,24,59.0217,-155.2583,START,9,open
2018,6,24,LF,FAKE,na,9C,,270,na,24,59.0219,-155.2651,SCAU3,1,single
2018,6,24,LF,FAKE,na,9C,,270,na,24,59.022,-155.4005,SCAU1,4,open
2018,6,24,LF,FAKE,na,9C,,270,na,24,59.0217,-155.6926,ENDPT,9,open
2018,6,24,LF,FAKE,na,9B,,270,na,24,59.0216,-156.4156,START,9,open
2018,6,24,LF,FAKE,na,9B,,270,na,24,59.0251,-157.218,BLSC3,1,single
2018,6,24,LF,FAKE,na,9B,,270,na,24,59.0216,-158.3736,ENDPT,9,open
2018,6,24,LF,FAKE,na,9A,,270,na,24,59.0219,-158.6433,START,9,open
2018,6,24,LF,FAKE,na,9A,,270,na,24,59.0216,-158.8443,ENDPT,9,open
2018,6,24,LF,FAKE,na,7A,,77,na,24,58.5884,-159.2168,START,7,open
2018,6,24,LF,FAKE,na,7A,,77,na,24,58.5876,-159.0626,BLSC2,1,pair
2018,6,24,LF,FAKE,na,7A,,77,na,24,58.5878,-158.9579,SCAU3,1,single
2018,6,24,LF,FAKE,na,7A,,77,na,24,58.5876,-158.8993,BLSC3,1,pair
2018,6,24,LF,FAKE,na,7A,,77,na,24,58.5875,-158.8006,ENDPT,7,open
2018,6,24,LF,FAKE,na,8,,77,na,24,58.8051,-157.8507,START,8,open
2018,6,24,LF,FAKE,na,8,,77,na,24,58.8054,-157.825,BLSC3,1,pair
2018,6,24,LF,FAKE,na,8,,77,na,24,58.8054,-157.4028,ENDPT,8,open
2018,6,25,LF,FAKE,na,7B,,90,180,24,58.5874,-157.2911,START,7,open
2018,6,25,LF,FAKE,na,7B,,90,180,24,58.5875,-157.204,BLSC3,1,pair
2018,6,25,LF,FAKE,na,7B,,90,180,24,58.5875,-157.204,BLSC2,1,single
2018,6,25,LF,FAKE,na,7B,,90,180,24,58.5878,-157.0314,SCAU4,1,single
2018,6,25,LF,FAKE,na,7B,,90,180,24,58.5878,-157.0314,SCAU4,1,single
2018,6,25,LF,FAKE,na,7B,,90,180,24,58.5878,-157.0314,BLSC4,1,single
2018,6,25,LF,FAKE,na,7B,,90,180,24,58.5878,-157.0314,BLSC4,6,open
2018,6,25,LF,FAKE,na,7B,,90,180,24,58.5883,-156.905,BLSC2,1,single
2018,6,25,LF,FAKE,na,7B,,90,180,24,58.5887,-156.8493,SCAU3,1,pair
2018,6,25,LF,FAKE,na,7B,,90,180,24,58.5887,-156.8493,SCAU3,1,single
2018,6,25,LF,FAKE,na,7B,,90,180,24,58.5886,-156.713,SCAU1,1,pair
2018,6,25,LF,FAKE,na,7B,,90,180,24,58.5886,-156.713,SCAU1,1,pair
2018,6,25,LF,FAKE,na,7B,,90,180,24,58.5886,-156.713,SCAU1,1,single
2018,6,25,LF,FAKE,na,7B,,90,180,24,58.587,-156.2073,ENDPT,7,open
2018,6,26,LF,FAKE,na,34,,270,360,24,66.4487,-163.7797,START,34,open
2018,6,26,LF,FAKE,na,34,,270,360,24,66.4489,-163.9723,BLSC3,1,single
2018,6,26,LF,FAKE,na,34,,270,360,24,66.4491,-164.068,BLSC1,1,pair
2018,6,26,LF,FAKE,na,34,,270,360,24,66.4492,-164.2338,SCAU1,1,single
2018,6,26,LF,FAKE,na,34,,270,360,24,66.4485,-164.9356,ENDPT,34,open
2018,6,26,LF,FAKE,na,33,,90,360,24,66.2317,-165.8702,START,33,open
2018,6,26,LF,FAKE,na,33,,90,360,24,66.2316,-165.8639,BLSC3,1,pair
2018,6,26,LF,FAKE,na,33,,90,360,24,66.2325,-165.6572,SCAU3,1,pair
2018,6,26,LF,FAKE,na,33,,90,360,24,66.2325,-165.6572,BLSC3,1,single
2018,6,26,LF,FAKE,na,33,,90,360,24,66.2326,-165.6542,SCAU1,d,single
2018,6,26,LF,FAKE,na,33,,90,360,24,66.2326,-165.6542,SCAU1,1,pair
2018,6,26,LF,FAKE,na,33,,90,360,24,66.2334,-165.4005,BLSC3,1,pair
2018,6,26,LF,FAKE,na,33,,90,360,24,66.2334,-165.4005,BLSC3,1,pair
2018,6,26,LF,FAKE,na,33,,90,360,24,66.2334,-165.4005,BLSC3,1,pair
2018,6,26,LF,FAKE,na,33,,90,360,24,66.2344,-164.8814,BLSC3,1,pair
2018,6,26,LF,FAKE,na,33,,90,360,24,66.2344,-164.8814,BLSC3,1,pair
2018,6,26,LF,FAKE,na,33,,90,360,24,66.2344,-164.8631,LTDU1,1,single
2018,6,26,LF,FAKE,na,33,,90,360,24,66.2344,-164.7584,BLSC2,1,pair
2018,6,26,LF,FAKE,na,33,,90,360,24,66.2344,-164.7584,BLSC2,1,single
2018,6,26,LF,FAKE,na,33,,91,360,24,66.2343,-164.7259,BLSC1,1,pair
2018,6,26,LF,FAKE,na,33,,91,360,24,66.2322,-164.0431,LTDU3,t,pair
2018,6,26,LF,FAKE,na,33,,91,360,24,66.2322,-164.0431,LTDU3,1,pair
2018,6,26,LF,FAKE,na,33,,91,360,24,66.2315,-163.9548,BLSC3,1,single
2018,6,26,LF,FAKE,na,33,,91,360,24,66.2314,-163.9516,BLSC3,1,pair
2018,6,26,LF,FAKE,na,33,,91,360,24,66.2314,-163.8975,ENDPT,33,open
2018,6,26,LF,FAKE,na,32B,,270,45,24,66.0143,-163.6881,START,32,open
2018,6,26,LF,FAKE,na,32B,,270,45,24,66.015,-164.1079,BLSC2,1,pair
2018,6,26,LF,FAKE,na,32B,,270,45,24,66.0141,-164.4242,ENDPT,32,open
2018,6,26,LF,FAKE,na,32A,,270,45,24,66.0143,-164.6844,START,32,open
2018,6,26,LF,FAKE,na,32A,,270,45,24,66.017,-165.232,SCAU3,1,pair
2018,6,26,LF,FAKE,na,32A,,270,45,24,66.0175,-165.3488,SCAU3,1,pair
2018,6,26,LF,FAKE,na,32A,,270,45,24,66.0175,-165.4794,BLSC1,1,single
2018,6,26,LF,FAKE,na,32A,,270,45,24,66.018,-165.7033,SCAU1,1,pair
2018,6,26,LF,FAKE,na,32A,,269,45,24,66.016,-166.5135,BLSC2,1,pair
2018,6,26,LF,FAKE,na,32A,,269,45,24,66.0142,-166.7725,SCAU2,1,pair
2018,6,26,LF,FAKE,na,32A,,269,45,24,66.0139,-166.7857,ENDPT,32,open
2018,6,26,LF,FAKE,na,31,,90,45,24,65.7969,-167.5506,START,31,open
2018,6,26,LF,FAKE,na,31,,90,45,24,65.7977,-167.3864,LTDU2,1,pair
2018,6,26,LF,FAKE,na,31,,90,45,24,65.7978,-167.2541,LTDU1,1,pair
2018,6,26,LF,FAKE,na,31,,90,45,24,65.7977,-167.0927,SCAU3,1,pair
2018,6,26,LF,FAKE,na,31,,90,45,24,65.7979,-167.0889,BLSC3,1,single
2018,6,26,LF,FAKE,na,31,,90,45,24,65.7979,-167.0889,BLSC3,1,pair
2018,6,26,LF,FAKE,na,31,,90,45,24,65.7969,-166.534,ENDPT,31,open
2018,6,26,LF,FAKE,na,28,,90,45,24,65.1464,-165.3717,START,28,open
2018,6,26,LF,FAKE,na,28,,90,45,24,65.1456,-165.2648,BLSC4,1,pair
2018,6,26,LF,FAKE,na,28,,90,45,24,65.1458,-165.2107,BLSC1,1,pair
2018,6,26,LF,FAKE,na,28,,90,45,24,65.1458,-165.2107,BLSCF3,3,open
2018,6,26,LF,FAKE,na,28,,90,45,24,65.1458,-165.1914,BLSCF3,3,open
2018,6,26,LF,FAKE,na,28,,90,45,24,65.146,-165.177,WWSC2,1,single
2018,6,26,LF,FAKE,na,28,,90,45,24,65.1461,-165.1643,SCAU3,1,pair
2018,6,26,LF,FAKE,na,28,,90,45,24,65.1462,-165.1567,BLSC3,3,pair
2018,6,26,LF,FAKE,na,28,,90,45,24,65.1462,-165.1567,BLSC4,1,single
2018,6,26,LF,FAKE,na,28,,90,45,24,65.1462,-165.1502,BLSC3,1,pair
2018,6,26,LF,FAKE,na,28,,90,45,24,65.1462,-165.1502,SCAU3,1,single
2018,6,26,LF,FAKE,na,28,,90,45,24,65.1462,-165.0177,BLSC3,1,single
2018,6,26,LF,FAKE,na,28,,90,45,24,65.1462,-165.0159,SCAU1,1,single
2018,6,26,LF,FAKE,na,28,,90,45,24,65.1461,-165.0078,BLSC3,1,pair
2018,6,26,LF,FAKE,na,28,,90,45,24,65.1458,-164.7722,ENDPT,28,open
2018,6,26,LF,FAKE,na,29,,90,45,24,65.3629,-164.6957,START,29,open
2018,6,26,LF,FAKE,na,29,,90,45,24,65.363,-163.913,ENDPT,29,open
2018,6,26,LF,FAKE,na,30,,270,45,24,65.5804,-163.8858,START,30,open
2018,6,26,LF,FAKE,na,30,,270,45,24,65.5802,-163.934,BLSC3,1,pair
2018,6,26,LF,FAKE,na,30,,270,45,24,65.5801,-163.9636,SCAU3,2,pair
2018,6,26,LF,FAKE,na,30,,270,45,24,65.5801,-163.9715,BLSC3,1,pair
2018,6,26,LF,FAKE,na,30,,270,45,24,65.5801,-163.9715,BLSC3,1,pair
2018,6,26,LF,FAKE,na,30,,270,45,24,65.5802,-163.976,BLSC3,1,pair
2018,6,26,LF,FAKE,na,30,,270,45,24,65.5802,-163.976,BLSC3,1,pair
2018,6,26,LF,FAKE,na,30,,270,45,24,65.5802,-163.976,BLSC3,1,pair
2018,6,26,LF,FAKE,na,30,,270,45,24,65.58,-164.0998,ENDPT,30,open
2018,6,27,LF,FAKE,na,39,,253,na,24,66.9236,-158.1419,START,39,open
2018,6,27,LF,FAKE,na,39,,253,na,24,66.9239,-157.7172,SCAU2,25,open
2018,6,27,LF,FAKE,na,39,,253,na,24,66.924,-157.619,BLSC3,1,single
2018,6,27,LF,FAKE,na,39,,253,na,24,66.9237,-157.4169,ENDPT,39,open
2018,6,27,LF,FAKE,na,38,,253,na,24,66.7647,-158.17,START,38,open
2018,6,27,LF,FAKE,na,38,,253,na,24,66.7655,-158.3753,SCAU1,1,pair
2018,6,27,LF,FAKE,na,38,,253,na,24,66.7655,-158.4388,SCAU2,1,single
2018,6,27,LF,FAKE,na,38,,253,na,24,66.7663,-158.5812,SCAU3,1,single
2018,6,27,LF,FAKE,na,38,,253,na,24,66.7666,-158.6148,SCAU3,1,single
2018,6,27,LF,FAKE,na,38,,253,na,24,66.7661,-158.6787,SCAU1,1,pair
2018,6,27,LF,FAKE,na,38,,253,na,24,66.7658,-158.6925,SCAU2,1,pair
2018,6,27,LF,FAKE,na,38,,253,na,24,66.7664,-158.7938,SCAU3,1,single
2018,6,27,LF,FAKE,na,38,,253,na,24,66.7663,-158.9344,SCAU2,1,pair
2018,6,27,LF,FAKE,na,38,,253,na,24,66.7656,-159.1707,BLSC3,1,pair
2018,6,27,LF,FAKE,na,38,,253,na,24,66.7648,-159.4965,ENDPT,38,open
2018,6,27,LF,FAKE,na,37B,,270,na,24,66.6054,-158.7831,START,37,open
2018,6,27,LF,FAKE,na,37B,,270,na,24,66.6058,-158.8786,SCAU4,1,single
2018,6,27,LF,FAKE,na,37B,,270,na,24,66.6063,-159.2023,BLSC3,1,single
2018,6,27,LF,FAKE,na,37B,,270,na,24,66.6055,-159.871,ENDPT,37,open
2018,6,27,LF,FAKE,na,37A,,103,na,24,66.6052,-160.1047,START,37,open
2018,6,27,LF,FAKE,na,37A,,103,na,24,66.6054,-160.2254,SCAU4,2,flkdrake
2018,6,27,LF,FAKE,na,37A,,103,na,24,66.6054,-160.2626,SCAU2,1,pair
2018,6,27,LF,FAKE,na,37A,,103,na,24,66.6054,-160.2626,SCAU3,1,single
2018,6,27,LF,FAKE,na,37A,,103,na,24,66.6053,-160.2916,ENDPT,37,open
2018,6,27,LF,FAKE,na,36,,103,na,24,66.4458,-160.205,START,36,open
2018,6,27,LF,FAKE,na,36,,103,na,24,66.4464,-160.1228,BLSC3,1,pair
2018,6,27,LF,FAKE,na,36,,103,na,24,66.4483,-159.6871,SCAU1,6,flkdrake
2018,6,27,LF,FAKE,na,36,,103,na,24,66.4487,-159.6269,SCAU3,1,single
2018,6,27,LF,FAKE,na,36,,103,na,24,66.4486,-159.341,BLSC4,1,pair
2018,6,27,LF,FAKE,na,36,,103,na,24,66.4489,-159.1929,BLSC4,1,pair
2018,6,27,LF,FAKE,na,36,,103,na,24,66.4485,-159.1177,BLSC2,1,pair
2018,6,27,LF,FAKE,na,36,,103,na,24,66.4485,-159.1177,BLSC2,1,single
2018,6,27,LF,FAKE,na,36,,103,na,24,66.4485,-159.1177,SCAU2,1,pair
2018,6,27,LF,FAKE,na,36,,103,na,24,66.4485,-158.9821,SCAU2,1,single
2018,6,27,LF,FAKE,na,36,,103,na,24,66.4484,-158.9135,BLSC1,1,pair
2018,6,27,LF,FAKE,na,36,,103,na,24,66.4476,-158.7148,SCAU2,1,pair
2018,6,27,LF,FAKE,na,36,,103,na,24,66.4476,-158.7148,BLSC2,1,pair
2018,6,27,LF,FAKE,na,36,,103,na,24,66.4473,-158.6287,BLSC3,1,pair
2018,6,27,LF,FAKE,na,36,,103,na,24,66.4473,-158.6287,BLSC3,1,single
2018,6,27,LF,FAKE,na,36,,103,na,24,66.4473,-158.6154,BLSC3,1,single
2018,6,27,LF,FAKE,na,36,,103,na,24,66.4463,-158.4562,SCAU1,1,pair
2018,6,27,LF,FAKE,na,36,,103,na,24,66.4463,-158.4562,SCAU1,1,single
2018,6,27,LF,FAKE,na,36,,103,na,24,66.4463,-158.4562,BLSC3,1,single
2018,6,27,LF,FAKE,na,36,,103,na,24,66.4463,-158.4562,BLSC3,1,pair
2018,6,27,LF,FAKE,na,36,,103,na,24,66.4463,-158.4562,BLSC3,1,pair
2018,6,27,LF,FAKE,na,36,,103,na,24,66.4466,-158.4262,SCAU3,1,pair
2018,6,27,LF,FAKE,na,36,,103,na,24,66.4459,-158.3462,ENDPT,36,open
2018,6,27,LF,FAKE,na,35B,,270,na,24,66.2873,-158.8948,START,35,open
2018,6,27,LF,FAKE,na,35B,,270,na,24,66.2872,-158.9986,SCAU2,1,single
2018,6,27,LF,FAKE,na,35B,,270,na,24,66.2872,-158.9986,SCAU3,1,pair
2018,6,27,LF,FAKE,na,35B,,270,na,24,66.2873,-159.0497,SCAU2,1,pair
2018,6,27,LF,FAKE,na,35B,,270,na,24,66.2873,-159.0497,SCAU2,1,single
2018,6,27,LF,FAKE,na,35B,,270,na,24,66.2873,-159.0497,SCAU2,1,single
2018,6,27,LF,FAKE,na,35B,,270,na,24,66.2872,-159.1078,SCAU2,1,pair
2018,6,27,LF,FAKE,na,35B,,270,na,24,66.2872,-159.1078,SCAU2,1,pair
2018,6,27,LF,FAKE,na,35B,,270,na,24,66.2873,-159.4179,SCAU3,1,pair
2018,6,27,LF,FAKE,na,35B,,270,na,24,66.2871,-159.584,ENDPT,35,open
2018,6,27,LF,FAKE,na,35A,,270,na,24,66.2868,-159.864,START,35,open
2018,6,27,LF,FAKE,na,35A,,270,na,24,66.2869,-159.8839,SCAU3,1,pair
2018,6,27,LF,FAKE,na,35A,,270,na,24,66.287,-160.0511,ENDPT,35,open
